{
  "Create new user" : {
    "transaction" : "Create new user",
    "sampleCount" : 4,
    "errorCount" : 0,
    "errorPct" : 0.0,
    "meanResTime" : 106.5,
    "medianResTime" : 31.5,
    "minResTime" : 29.0,
    "maxResTime" : 334.0,
    "pct1ResTime" : 334.0,
    "pct2ResTime" : 334.0,
    "pct3ResTime" : 334.0,
    "throughput" : 6.932409012131715,
    "receivedKBytesPerSec" : 4.158429917677643,
    "sentKBytesPerSec" : 4.171969779029463
  },
  "Total" : {
    "transaction" : "Total",
    "sampleCount" : 16,
    "errorCount" : 0,
    "errorPct" : 0.0,
    "meanResTime" : 55.00000000000001,
    "medianResTime" : 16.0,
    "minResTime" : 14.0,
    "maxResTime" : 334.0,
    "pct1ResTime" : 299.00000000000006,
    "pct2ResTime" : 334.0,
    "pct3ResTime" : 334.0,
    "throughput" : 17.391304347826086,
    "receivedKBytesPerSec" : 9.318741508152174,
    "sentKBytesPerSec" : 8.199940557065217
  },
  "search user" : {
    "transaction" : "search user",
    "sampleCount" : 4,
    "errorCount" : 0,
    "errorPct" : 0.0,
    "meanResTime" : 15.0,
    "medianResTime" : 15.0,
    "minResTime" : 14.0,
    "maxResTime" : 16.0,
    "pct1ResTime" : 16.0,
    "pct2ResTime" : 16.0,
    "pct3ResTime" : 16.0,
    "throughput" : 7.1813285457809695,
    "receivedKBytesPerSec" : 4.307745175044883,
    "sentKBytesPerSec" : 2.9594928186714538
  },
  "delete user" : {
    "transaction" : "delete user",
    "sampleCount" : 4,
    "errorCount" : 0,
    "errorPct" : 0.0,
    "meanResTime" : 15.25,
    "medianResTime" : 15.0,
    "minResTime" : 15.0,
    "maxResTime" : 16.0,
    "pct1ResTime" : 16.0,
    "pct2ResTime" : 16.0,
    "pct3ResTime" : 16.0,
    "throughput" : 7.1813285457809695,
    "receivedKBytesPerSec" : 2.6298810592459603,
    "sentKBytesPerSec" : 3.092740125673249
  },
  "User Login" : {
    "transaction" : "User Login",
    "sampleCount" : 4,
    "errorCount" : 0,
    "errorPct" : 0.0,
    "meanResTime" : 83.25,
    "medianResTime" : 16.5,
    "minResTime" : 16.0,
    "maxResTime" : 284.0,
    "pct1ResTime" : 284.0,
    "pct2ResTime" : 284.0,
    "pct3ResTime" : 284.0,
    "throughput" : 4.656577415599534,
    "receivedKBytesPerSec" : 2.688673239231665,
    "sentKBytesPerSec" : 2.055442374854482
  }
}